american_football.football_historical_coach_position.coach/american_football.football_historical_coach_position.position 2
american_football.game_passing_statistics.player/american_football.game_passing_statistics.game 2
american_football.game_receiving_statistics.game/american_football.game_receiving_statistics.player 2
american_football.game_rushing_statistics.player/american_football.game_rushing_statistics.game 2
american_football.player_game_statistics.player/american_football.player_game_statistics.season 2
american_football.player_passing_statistics.player/american_football.player_passing_statistics.season 2
american_football.player_receiving_statistics.season/american_football.player_receiving_statistics.player 2
american_football.player_rushing_statistics.player/american_football.player_rushing_statistics.season 2
architecture.occupancy.building/architecture.occupancy.occupant 2
architecture.ownership.structure/architecture.ownership.owner 2
aviation.airline_airport_presence.airport/aviation.airline_airport_presence.airline 2
aviation.airline_airport_presence.cities_served/aviation.airline_airport_presence.airline 2
aviation.airline_airport_presence.cities_served/aviation.airline_airport_presence.airport 2
award.award_nomination.award/award.award_nomination.award_nominee 2
award.award_nomination.award/award.award_nomination.nominated_for 2
award.award_nomination.award_nominee/award.award_nomination.nominated_for 2
award.award_nomination.ceremony/award.award_nomination.award 2
award.award_nomination.ceremony/award.award_nomination.award_nominee 2
award.award_nomination.ceremony/award.award_nomination.nominated_for 2
award.category_ceremony_relationship.ceremony/award.category_ceremony_relationship.category 2
award.hall_of_fame_induction.category/award.hall_of_fame_induction.hall_of_fame 2
award.hall_of_fame_induction.inductee/award.hall_of_fame_induction.category 2
award.hall_of_fame_induction.inductee/award.hall_of_fame_induction.hall_of_fame 2
award.ranking.list/award.ranking.item 2
base.americancomedy.comedy_group_membership.member/base.americancomedy.comedy_group_membership.group 2
baseball.baseball_historical_managerial_position.team/baseball.baseball_historical_managerial_position.manager 2
baseball.baseball_team_stats.season/baseball.baseball_team_stats.team 2
baseball.batting_statistics.season/baseball.batting_statistics.player 2
baseball.batting_statistics.team/baseball.batting_statistics.player 2
baseball.batting_statistics.team/baseball.batting_statistics.season 2
baseball.current_coaching_tenure.baseball_coach/baseball.current_coaching_tenure.coaching_position 2
baseball.current_coaching_tenure.baseball_team/baseball.current_coaching_tenure.baseball_coach 2
baseball.current_coaching_tenure.baseball_team/baseball.current_coaching_tenure.coaching_position 2
baseball.historical_coaching_tenure.baseball_coach/baseball.historical_coaching_tenure.baseball_team 2
baseball.historical_coaching_tenure.baseball_coach/baseball.historical_coaching_tenure.coaching_position 2
baseball.historical_coaching_tenure.baseball_team/baseball.historical_coaching_tenure.coaching_position 2
baseball.lifetime_batting_statistics.ending_season/baseball.lifetime_batting_statistics.starting_season 2
baseball.lifetime_batting_statistics.last_statistics_season/baseball.lifetime_batting_statistics.ending_season 2
baseball.lifetime_batting_statistics.last_statistics_season/baseball.lifetime_batting_statistics.starting_season 2
baseball.lifetime_batting_statistics.player/baseball.lifetime_batting_statistics.ending_season 2
baseball.lifetime_batting_statistics.player/baseball.lifetime_batting_statistics.last_statistics_season 2
baseball.lifetime_batting_statistics.player/baseball.lifetime_batting_statistics.starting_season 2
base.bioventurist.bv_investment_round.company_invested/base.bioventurist.bv_investment_round.currency 2
base.bioventurist.bv_investment_round.investment_round/base.bioventurist.bv_investment_round.company_invested 2
base.bioventurist.bv_investment_round.investment_round/base.bioventurist.bv_investment_round.currency 2
base.bioventurist.bv_investment_round.investment_round/base.bioventurist.bv_investment_round.investors 2
base.bioventurist.bv_investment_round.investors/base.bioventurist.bv_investment_round.company_invested 2
base.bioventurist.bv_investment_round.investors/base.bioventurist.bv_investment_round.currency 2
base.bioventurist.sales.company_reporting/base.bioventurist.sales.currency 2
base.catalog.music_catalog_entry.cataloged_composition/base.catalog.music_catalog_entry.music_catalog 2
base.conservationaction.documented_priority_species.location/base.conservationaction.documented_priority_species.priority_level 2
base.conservationaction.documented_priority_species.location/base.conservationaction.documented_priority_species.source 2
base.conservationaction.documented_priority_species.source/base.conservationaction.documented_priority_species.priority_level 2
base.conservationaction.documented_priority_species.taxa/base.conservationaction.documented_priority_species.location 2
base.conservationaction.documented_priority_species.taxa/base.conservationaction.documented_priority_species.priority_level 2
base.conservationaction.documented_priority_species.taxa/base.conservationaction.documented_priority_species.source 2
base.conservation.protected_species_status.protected_species/base.conservation.protected_species_status.in_list 2
base.conservation.protected_species_status.status_designation/base.conservation.protected_species_status.in_list 2
base.conservation.protected_species_status.status_designation/base.conservation.protected_species_status.protected_species 2
base.contractbridge.bridge_tournament_standings.first_place/base.contractbridge.bridge_tournament_standings.second_place 2
base.contractbridge.bridge_tournament_standings.tournament/base.contractbridge.bridge_tournament_standings.first_place 2
base.contractbridge.bridge_tournament_standings.tournament/base.contractbridge.bridge_tournament_standings.second_place 2
base.famouspets.pet_ownership.owner/base.famouspets.pet_ownership.pet 2
base.greatfilms.ranking.item/base.greatfilms.ranking.list 2
base.handball.handball_player_match_participation.match/base.handball.handball_player_match_participation.player 2
base.handball.handball_player_match_participation.match/base.handball.handball_player_match_participation.team 2
base.handball.handball_player_match_participation.player/base.handball.handball_player_match_participation.team 2
base.handball.handball_team_match_participation.team/base.handball.handball_team_match_participation.match 2
base.localfood.produce_availability.location/base.localfood.produce_availability.produce 2
base.marchmadness.ncaa_basketball_final_four_broadcaster.broadcaster/base.marchmadness.ncaa_basketball_final_four_broadcaster.year 2
base.marchmadness.ncaa_tournament_seed.team/base.marchmadness.ncaa_tournament_seed.tournament 2
base.militaryinfiction.military_character_service.military_force/base.militaryinfiction.military_character_service.military_character 2
base.militaryinfiction.military_character_service.rank/base.militaryinfiction.military_character_service.military_character 2
base.militaryinfiction.military_character_service.rank/base.militaryinfiction.military_character_service.military_force 2
base.militaryinfiction.military_character_service.rank/base.militaryinfiction.military_character_service.unit 2
base.militaryinfiction.military_character_service.rank/base.militaryinfiction.military_character_service.work_of_fiction 2
base.militaryinfiction.military_character_service.unit/base.militaryinfiction.military_character_service.military_character 2
base.militaryinfiction.military_character_service.unit/base.militaryinfiction.military_character_service.military_force 2
base.militaryinfiction.military_character_service.unit/base.militaryinfiction.military_character_service.work_of_fiction 2
base.militaryinfiction.military_character_service.work_of_fiction/base.militaryinfiction.military_character_service.military_character 2
base.militaryinfiction.military_character_service.work_of_fiction/base.militaryinfiction.military_character_service.military_force 2
base.militaryinfiction.military_combatant_group_tenure_in_fiction.ally/base.militaryinfiction.military_combatant_group_tenure_in_fiction.military_alliance 2
base.militaryinfiction.military_combatant_group_tenure_in_fiction.ally/base.militaryinfiction.military_combatant_group_tenure_in_fiction.work_of_fiction 2
base.militaryinfiction.military_combatant_group_tenure_in_fiction.work_of_fiction/base.militaryinfiction.military_combatant_group_tenure_in_fiction.military_alliance 2
base.militaryinfiction.military_command_in_fiction.military_combatant/base.militaryinfiction.military_command_in_fiction.mentioned_in_works 2
base.militaryinfiction.military_command_in_fiction.military_commander/base.militaryinfiction.military_command_in_fiction.mentioned_in_works 2
base.militaryinfiction.military_command_in_fiction.military_commander/base.militaryinfiction.military_command_in_fiction.military_combatant 2
base.militaryinfiction.military_command_in_fiction.military_commander/base.militaryinfiction.military_command_in_fiction.military_conflict 2
base.militaryinfiction.military_command_in_fiction.military_commander/base.militaryinfiction.military_command_in_fiction.unit 2
base.militaryinfiction.military_command_in_fiction.military_conflict/base.militaryinfiction.military_command_in_fiction.mentioned_in_works 2
base.militaryinfiction.military_command_in_fiction.military_conflict/base.militaryinfiction.military_command_in_fiction.military_combatant 2
base.militaryinfiction.military_command_in_fiction.military_conflict/base.militaryinfiction.military_command_in_fiction.unit 2
base.militaryinfiction.military_command_in_fiction.unit/base.militaryinfiction.military_command_in_fiction.mentioned_in_works 2
base.militaryinfiction.military_command_in_fiction.unit/base.militaryinfiction.military_command_in_fiction.military_combatant 2
base.nascar.nascar_race_result.driver/base.nascar.nascar_race_result.race 2
base.ontologies.ontology_instance_mapping.ontology/base.ontologies.ontology_instance_mapping.freebase_topic 2
base.petbreeds.dog_city_relationship.dog_breed/base.petbreeds.dog_city_relationship.cities 2
base.politicalconventions.pres_delegate_vote_tally.convention/base.politicalconventions.pres_delegate_vote_tally.candidate 2
base.politicalconventions.vp_delegate_vote_tally.convention/base.politicalconventions.vp_delegate_vote_tally.candidate 2
base.popstra.arrest.location/base.popstra.arrest.arrested_person 2
base.popstra.arrest.location/base.popstra.arrest.offense 2
base.popstra.arrest.offense/base.popstra.arrest.arrested_person 2
base.popstra.hangout.customer/base.popstra.hangout.business_location 2
base.popstra.infidelity.participant/base.popstra.infidelity.victim 2
base.popstra.infidelity.perpetrator/base.popstra.infidelity.participant 2
base.popstra.infidelity.perpetrator/base.popstra.infidelity.victim 2
base.popstra.legal_dispute.plaintiff/base.popstra.legal_dispute.defendant 2
base.popstra.operation.procedure/base.popstra.operation.patient 2
base.popstra.party_attendance_person.person/base.popstra.party_attendance_person.party 2
base.popstra.product_choice.product/base.popstra.product_choice.consumer 2
base.popstra.public_insult.victim/base.popstra.public_insult.perpetrator 2
base.popstra.religion_choice.religion/base.popstra.religion_choice.member 2
base.popstra.restaurant_choice.diner/base.popstra.restaurant_choice.restaurant 2
base.popstra.support.supported_organization/base.popstra.support.supporter 2
base.popstra.vacation_choice.location/base.popstra.vacation_choice.vacationer 2
base.prison.imprisonment.prison/base.prison.imprisonment.prisoner 2
base.represent.agent_celebrity_representation.celebrity_represented/base.represent.agent_celebrity_representation.agent 2
base.schemastaging.athlete_salary.currency/base.schemastaging.athlete_salary.athlete 2
base.schemastaging.athlete_salary.team/base.schemastaging.athlete_salary.athlete 2
base.schemastaging.athlete_salary.team/base.schemastaging.athlete_salary.currency 2
base.schemastaging.coach_athlete_relationship.athlete/base.schemastaging.coach_athlete_relationship.coach 2
base.schemastaging.phone_sandbox.product_or_service/base.schemastaging.phone_sandbox.caller_category 2
base.schemastaging.phone_sandbox.product_or_service/base.schemastaging.phone_sandbox.service_location 2
base.schemastaging.phone_sandbox.service_language/base.schemastaging.phone_sandbox.caller_category 2
base.schemastaging.phone_sandbox.service_language/base.schemastaging.phone_sandbox.product_or_service 2
base.schemastaging.phone_sandbox.service_language/base.schemastaging.phone_sandbox.service_location 2
base.schemastaging.phone_sandbox.service_location/base.schemastaging.phone_sandbox.caller_category 2
base.schemastaging.sports_league_season_ranking.season/base.schemastaging.sports_league_season_ranking.team 2
base.schemastaging.team_training_ground_relationship.team/base.schemastaging.team_training_ground_relationship.facility 2
base.schemastaging.tv_star_dubbing_performance.character/base.schemastaging.tv_star_dubbing_performance.actor 2
base.schemastaging.tv_star_dubbing_performance.character/base.schemastaging.tv_star_dubbing_performance.program 2
base.schemastaging.tv_star_dubbing_performance.language/base.schemastaging.tv_star_dubbing_performance.actor 2
base.schemastaging.tv_star_dubbing_performance.language/base.schemastaging.tv_star_dubbing_performance.character 2
base.schemastaging.tv_star_dubbing_performance.language/base.schemastaging.tv_star_dubbing_performance.program 2
base.schemastaging.tv_star_dubbing_performance.program/base.schemastaging.tv_star_dubbing_performance.actor 2
base.siswimsuitmodels.si_swimsuit_appearance.model/base.siswimsuitmodels.si_swimsuit_appearance.shooting_locations 2
base.siswimsuitmodels.si_swimsuit_appearance.model/base.siswimsuitmodels.si_swimsuit_appearance.year 2
base.siswimsuitmodels.si_swimsuit_appearance.year/base.siswimsuitmodels.si_swimsuit_appearance.shooting_locations 2
base.surfing.asp_world_tour_rating.season/base.surfing.asp_world_tour_rating.surfer 2
base.tournaments.match_competitor_relationship.competitor/base.tournaments.match_competitor_relationship.match 2
base.trixtypes.stat.daily_stats/base.trixtypes.stat.stat_property 2
base.webvideo.internet_video_crew_gig.role/base.webvideo.internet_video_crew_gig.crewmember 2
base.webvideo.internet_video_crew_gig.video/base.webvideo.internet_video_crew_gig.crewmember 2
base.webvideo.internet_video_crew_gig.video/base.webvideo.internet_video_crew_gig.role 2
base.webvideo.internet_video_performance.actor/base.webvideo.internet_video_performance.character 2
base.webvideo.internet_video_performance.actor/base.webvideo.internet_video_performance.video 2
base.webvideo.internet_video_performance.character/base.webvideo.internet_video_performance.video 2
base.webvideo.internet_video_producer_credit.video/base.webvideo.internet_video_producer_credit.producer 2
base.webvideo.internet_video_regular_performance.actor/base.webvideo.internet_video_regular_performance.character 2
base.webvideo.internet_video_regular_performance.actor/base.webvideo.internet_video_regular_performance.series 2
base.webvideo.internet_video_regular_performance.series/base.webvideo.internet_video_regular_performance.character 2
base.webvideo.internet_video_series_producer_credit.series/base.webvideo.internet_video_series_producer_credit.producer 2
base.wrestling.championship_title_reign.held_by/base.wrestling.championship_title_reign.title 2
base.x2010fifaworldcupsouthafrica.current_world_cup_squad.current_club/base.x2010fifaworldcupsouthafrica.current_world_cup_squad.national_team 2
base.x2010fifaworldcupsouthafrica.current_world_cup_squad.players/base.x2010fifaworldcupsouthafrica.current_world_cup_squad.current_club 2
base.x2010fifaworldcupsouthafrica.current_world_cup_squad.players/base.x2010fifaworldcupsouthafrica.current_world_cup_squad.national_team 2
base.x2010fifaworldcupsouthafrica.current_world_cup_squad.position/base.x2010fifaworldcupsouthafrica.current_world_cup_squad.current_club 2
base.x2010fifaworldcupsouthafrica.current_world_cup_squad.position/base.x2010fifaworldcupsouthafrica.current_world_cup_squad.national_team 2
base.x2010fifaworldcupsouthafrica.current_world_cup_squad.position/base.x2010fifaworldcupsouthafrica.current_world_cup_squad.players 2
basketball.basketball_historical_coach_position.team/basketball.basketball_historical_coach_position.coach 2
basketball.basketball_player_stats.player/basketball.basketball_player_stats.team 2
basketball.basketball_player_stats.season/basketball.basketball_player_stats.player 2
basketball.basketball_player_stats.season/basketball.basketball_player_stats.team 2
basketball.basketball_team_stats.season/basketball.basketball_team_stats.team 2
biology.breed_registration.breed/biology.breed_registration.breed_group 2
biology.breed_registration.breed/biology.breed_registration.registry 2
biology.breed_registration.registry/biology.breed_registration.breed_group 2
book.contents.publication/book.contents.work 2
broadcast.tv_affiliation_duration.network/broadcast.tv_affiliation_duration.station 2
business.asset_ownership.owner/business.asset_ownership.owned_asset 2
business.brand_colors.brand/business.brand_colors.colors 2
business.company_brand_relationship.company/business.company_brand_relationship.brand 2
business.company_product_line_relationship.product_line/business.company_product_line_relationship.company 2
business.company_product_relationship.company/business.company_product_relationship.consumer_product 2
business.competitive_space_mediator.brand/business.competitive_space_mediator.company 2
business.competitive_space_mediator.brand/business.competitive_space_mediator.space 2
business.competitive_space_mediator.company/business.competitive_space_mediator.space 2
business.open_times.time_zone/business.open_times.weekday_start 2
business.open_times.weekday_end/business.open_times.time_zone 2
business.open_times.weekday_end/business.open_times.weekday_start 2
business.sponsorship.sponsored_recipient/business.sponsorship.sponsored_by 2
celebrities.substance_abuse_problem.substance/celebrities.substance_abuse_problem.celebrity 2
chemistry.solubility_relationship.solvent/chemistry.solubility_relationship.solute 2
computer.os_compatibility.operating_system/computer.os_compatibility.computer 2
computer.software_compatibility.software/computer.software_compatibility.operating_system 2
cvg.game_performance.character/cvg.game_performance.voice_actor 2
cvg.game_performance.game/cvg.game_performance.character 2
cvg.game_performance.game/cvg.game_performance.voice_actor 2
cvg.musical_game_song_relationship.platforms/cvg.musical_game_song_relationship.game 2
cvg.musical_game_song_relationship.song/cvg.musical_game_song_relationship.game 2
cvg.musical_game_song_relationship.song/cvg.musical_game_song_relationship.platforms 2
education.academic_post.institution/education.academic_post.position_or_title 2
education.education.degree/education.education.institution 2
education.education.degree/education.education.major_field_of_study 2
education.education.degree/education.education.minor 2
education.education.degree/education.education.specialization 2
education.education.degree/education.education.student 2
education.education.institution/education.education.major_field_of_study 2
education.education.institution/education.education.minor 2
education.education.institution/education.education.specialization 2
education.education.institution/education.education.student 2
education.education.major_field_of_study/education.education.minor 2
education.education.major_field_of_study/education.education.student 2
education.education.specialization/education.education.major_field_of_study 2
education.education.specialization/education.education.minor 2
education.education.specialization/education.education.student 2
education.education.student/education.education.minor 2
fictional_universe.fictional_date_time.other_calendar_system/fictional_universe.fictional_date_time.portrayed_in 2
fictional_universe.fictional_employment_tenure.employee/fictional_universe.fictional_employment_tenure.employer 2
fictional_universe.fictional_employment_tenure.title/fictional_universe.fictional_employment_tenure.employee 2
fictional_universe.fictional_employment_tenure.title/fictional_universe.fictional_employment_tenure.employer 2
film.dubbing_performance.character/film.dubbing_performance.actor 2
film.dubbing_performance.character/film.dubbing_performance.film 2
film.dubbing_performance.film/film.dubbing_performance.actor 2
film.dubbing_performance.language/film.dubbing_performance.actor 2
film.dubbing_performance.language/film.dubbing_performance.character 2
film.dubbing_performance.language/film.dubbing_performance.film 2
film.film_crew_gig.crewmember/film.film_crew_gig.film 2
film.film_crew_gig.crewmember/film.film_crew_gig.film_crew_role 2
film.film_crew_gig.film/film.film_crew_gig.film_crew_role 2
film.film_cut.film_release_region/film.film_cut.film 2
film.film_film_company_relationship.film_company/film.film_film_company_relationship.film 2
film.film_film_company_relationship.film_company/film.film_film_company_relationship.role_service 2
film.film_film_company_relationship.film/film.film_film_company_relationship.role_service 2
film.film_film_distributor_relationship.distributor/film.film_film_distributor_relationship.film 2
film.film_film_distributor_relationship.distributor/film.film_film_distributor_relationship.region 2
film.film_film_distributor_relationship.film/film.film_film_distributor_relationship.region 2
film.film_regional_release_date.film_release_region/film.film_regional_release_date.film 2
film.personal_film_appearance.film/film.personal_film_appearance.person 2
finance.exchange_rate.source_of_exchange/finance.exchange_rate.target_of_exchange 2
food.recipe_ingredient.ingredient/food.recipe_ingredient.recipe 2
food.recipe_ingredient.ingredient/food.recipe_ingredient.unit 2
food.recipe_ingredient.recipe/food.recipe_ingredient.unit 2
freebase.list_entry.topic/freebase.list_entry.list 2
freebase.metaweb_api_service_argument.format/freebase.metaweb_api_service_argument.service 2
government.legislative_election_results.party/government.legislative_election_results.legislature 2
government.national_anthem_of_a_country.country/government.national_anthem_of_a_country.anthem 2
location.location_symbol_relationship.administrative_division/location.location_symbol_relationship.Kind_of_symbol 2
location.mailing_address.country/location.mailing_address.citytown 2
location.mailing_address.country/location.mailing_address.postal_code 2
location.mailing_address.country/location.mailing_address.state_province_region 2
location.mailing_address.postal_code/location.mailing_address.citytown 2
location.mailing_address.state_province_region/location.mailing_address.citytown 2
location.mailing_address.state_province_region/location.mailing_address.postal_code 2
location.partial_containment_relationship.partially_contained_by/location.partial_containment_relationship.partially_contains 2
measurement_unit.dated_money_value.source/measurement_unit.dated_money_value.currency 2
measurement_unit.recurring_money_value.currency/measurement_unit.recurring_money_value.source 2
media_common.dedication.dedicated_by/media_common.dedication.dedicated_to 2
media_common.dedication.dedicated_by/media_common.dedication.work_dedicated 2
media_common.dedication.dedicated_to/media_common.dedication.work_dedicated 2
military.force_strength.combatant/military.force_strength.military_conflict 2
military.force_strength.resource/military.force_strength.combatant 2
military.force_strength.resource/military.force_strength.military_conflict 2
military.military_combatant_group.conflict/military.military_combatant_group.combatants 2
military.military_command.military_combatant/military.military_command.military_commander 2
military.military_command.military_combatant/military.military_command.military_conflict 2
military.military_command.military_conflict/military.military_command.military_commander 2
military.military_posting.person/military.military_posting.post 2
military.military_post_use.military_post/military.military_post_use.armed_force 2
military.military_service.military_force/military.military_service.unit 2
military.military_service.military_person/military.military_service.military_force 2
military.military_service.military_person/military.military_service.rank 2
military.military_service.military_person/military.military_service.unit 2
military.military_service.rank/military.military_service.military_force 2
military.military_service.rank/military.military_service.unit 2
music.conducting_tenure.conductor/music.conducting_tenure.ensemble 2
music.group_membership.member/music.group_membership.group 2
music.group_membership.role/music.group_membership.group 2
music.group_membership.role/music.group_membership.member 2
music.music_video_performance.music_video/music.music_video_performance.music_video_performer 2
music.recording_contribution.contributor/music.recording_contribution.album 2
music.recording_contribution.contributor/music.recording_contribution.performance_role 2
music.recording_contribution.performance_role/music.recording_contribution.album 2
music.track_contribution.role/music.track_contribution.contributor 2
olympics.olympic_athlete_affiliation.athlete/olympics.olympic_athlete_affiliation.olympics 2
olympics.olympic_athlete_affiliation.country/olympics.olympic_athlete_affiliation.athlete 2
olympics.olympic_athlete_affiliation.country/olympics.olympic_athlete_affiliation.olympics 2
olympics.olympic_medal_honor.country/olympics.olympic_medal_honor.event 2
olympics.olympic_medal_honor.country/olympics.olympic_medal_honor.medalist 2
olympics.olympic_medal_honor.medalist/olympics.olympic_medal_honor.event 2
olympics.olympic_medal_honor.olympics/olympics.olympic_medal_honor.country 2
olympics.olympic_medal_honor.olympics/olympics.olympic_medal_honor.event 2
olympics.olympic_medal_honor.olympics/olympics.olympic_medal_honor.medalist 2
organization.leadership.person/organization.leadership.role 2
organization.non_profit_registration.registered_as/organization.non_profit_registration.registering_agency 2
organization.organization_membership.member/organization.organization_membership.organization 2
people.group_membership.group/people.group_membership.member 2
people.human_measurement.body_part/people.human_measurement.person 2
people.marriage.spouse/people.marriage.location_of_ceremony 2
projects.project_participation.participant/projects.project_participation.project 2
projects.project_participation.participant/projects.project_participation.role 2
projects.project_participation.project/projects.project_participation.role 2
protected_sites.natural_or_cultural_site_listing.category_or_criteria/protected_sites.natural_or_cultural_site_listing.designation 2
protected_sites.natural_or_cultural_site_listing.category_or_criteria/protected_sites.natural_or_cultural_site_listing.listed_site 2
protected_sites.natural_or_cultural_site_listing.designation/protected_sites.natural_or_cultural_site_listing.listed_site 2
religion.place_of_worship_historical_use.place_of_worship/religion.place_of_worship_historical_use.religion 2
royalty.noble_title_tenure.noble_title/royalty.noble_title_tenure.noble_person 2
royalty.system_rank_relationship.rank/royalty.system_rank_relationship.system 2
royalty.system_title_relationship.system/royalty.system_title_relationship.title 2
soccer.football_disciplinary_action.player/soccer.football_disciplinary_action.match 2
soccer.football_goal.match/soccer.football_goal.point_awarded_to 2
soccer.football_goal.scorer/soccer.football_goal.match 2
soccer.football_goal.scorer/soccer.football_goal.point_awarded_to 2
soccer.football_player_loan.lending_team/soccer.football_player_loan.borrowing_team 2
soccer.football_player_loan.player/soccer.football_player_loan.borrowing_team 2
soccer.football_player_loan.player/soccer.football_player_loan.lending_team 2
soccer.football_player_match_participation.player/soccer.football_player_match_participation.match 2
soccer.football_player_match_participation.team/soccer.football_player_match_participation.match 2
soccer.football_player_match_participation.team/soccer.football_player_match_participation.player 2
soccer.football_player_stats.player/soccer.football_player_stats.team 2
soccer.football_player_substitution.match/soccer.football_player_substitution.off 2
soccer.football_player_substitution.on/soccer.football_player_substitution.match 2
soccer.football_player_substitution.on/soccer.football_player_substitution.off 2
soccer.football_team_management_tenure.team/soccer.football_team_management_tenure.manager 2
soccer.football_team_manager_match_participation.match/soccer.football_team_manager_match_participation.manager 2
soccer.football_team_manager_match_participation.match/soccer.football_team_manager_match_participation.team 2
soccer.football_team_manager_match_participation.team/soccer.football_team_manager_match_participation.manager 2
sports.pro_sports_played.sport/sports.pro_sports_played.athlete 2
sports.sports_award.award_winner/sports.sports_award.award 2
sports.sports_award.award_winner/sports.sports_award.team 2
sports.sports_award.season/sports.sports_award.award 2
sports.sports_award.season/sports.sports_award.award_winner 2
sports.sports_award.season/sports.sports_award.team 2
sports.sports_award.team/sports.sports_award.award 2
sports.sports_league_draft_pick.player/sports.sports_league_draft_pick.draft 2
sports.sports_league_draft_pick.player/sports.sports_league_draft_pick.school 2
sports.sports_league_draft_pick.player/sports.sports_league_draft_pick.team 2
sports.sports_league_draft_pick.school/sports.sports_league_draft_pick.draft 2
sports.sports_league_draft_pick.school/sports.sports_league_draft_pick.team 2
sports.sports_league_draft_pick.team/sports.sports_league_draft_pick.draft 2
sports.sports_team_coach_tenure.position/sports.sports_team_coach_tenure.team 2
sports.sports_team_roster.team/sports.sports_team_roster.player 2
sports.sports_team_season_record.season/sports.sports_team_season_record.team 2
sports.team_venue_relationship.venue/sports.team_venue_relationship.team 2
tennis.tennis_match.event/tennis.tennis_match.winner 2
tennis.tennis_match.loser/tennis.tennis_match.event 2
tennis.tennis_match.loser/tennis.tennis_match.winner 2
tennis.tennis_tournament_championship.tournament/tennis.tennis_tournament_championship.winner 2
theater.theater_designer_gig.designer/theater.theater_designer_gig.play 2
theater.theater_designer_gig.design_role/theater.theater_designer_gig.designer 2
theater.theater_designer_gig.design_role/theater.theater_designer_gig.play 2
theater.theater_production_staff_gig.play/theater.theater_production_staff_gig.production_role 2
theater.theater_production_staff_gig.play/theater.theater_production_staff_gig.staff_member 2
theater.theater_production_staff_gig.staff_member/theater.theater_production_staff_gig.production_role 2
theater.theater_production_venue_relationship.theater_production/theater.theater_production_venue_relationship.theater 2
travel.hotel_guest_visit.hotel_visited/travel.hotel_guest_visit.notable_guest 2
travel.travel_destination_monthly_climate.travel_destination/travel.travel_destination_monthly_climate.month 2
tv.regular_tv_appearance.actor/tv.regular_tv_appearance.character 2
tv.regular_tv_appearance.actor/tv.regular_tv_appearance.seasons 2
tv.regular_tv_appearance.actor/tv.regular_tv_appearance.series 2
tv.regular_tv_appearance.character/tv.regular_tv_appearance.seasons 2
tv.regular_tv_appearance.character/tv.regular_tv_appearance.series 2
tv.regular_tv_appearance.seasons/tv.regular_tv_appearance.series 2
tv.tv_crew_gig.crewmember/tv.tv_crew_gig.episode 2
tv.tv_crew_gig.crewmember/tv.tv_crew_gig.tv_crew_role 2
tv.tv_crew_gig.tv_crew_role/tv.tv_crew_gig.episode 2
tv.tv_guest_personal_appearance.person/tv.tv_guest_personal_appearance.episode 2
tv.tv_network_duration.program/tv.tv_network_duration.network 2
tv.tv_producer_episode_credit.producer/tv.tv_producer_episode_credit.episode 2
tv.tv_producer_term.program/tv.tv_producer_term.producer 2
tv.tv_program_writer_relationship.writer/tv.tv_program_writer_relationship.tv_program 2
tv.tv_regular_personal_appearance.program/tv.tv_regular_personal_appearance.person 2
tv.tv_regular_personal_appearance.program/tv.tv_regular_personal_appearance.seasons 2
tv.tv_regular_personal_appearance.seasons/tv.tv_regular_personal_appearance.person 2
tv.tv_segment_performance.character/tv.tv_segment_performance.actor 2
tv.tv_segment_performance.character/tv.tv_segment_performance.segment 2
tv.tv_segment_performance.segment/tv.tv_segment_performance.actor 2
user.alecf.recreation.park_feature_quantity.feature/user.alecf.recreation.park_feature_quantity.park 2
user.alexbl.honorary_title.honorary_title_holding.conferred_by/user.alexbl.honorary_title.honorary_title_holding.conferred_upon 2
user.alexbl.honorary_title.honorary_title_holding.conferred_by/user.alexbl.honorary_title.honorary_title_holding.honorary_title 2
user.alexbl.honorary_title.honorary_title_holding.conferred_upon/user.alexbl.honorary_title.honorary_title_holding.honorary_title 2
user.skud.embassies_and_consulates.ambassadorial_tenure.ambassador/user.skud.embassies_and_consulates.ambassadorial_tenure.attached_to_embassy 2
user.skud.embassies_and_consulates.ambassadorial_tenure.to_countries/user.skud.embassies_and_consulates.ambassadorial_tenure.ambassador 2
user.skud.embassies_and_consulates.ambassadorial_tenure.to_countries/user.skud.embassies_and_consulates.ambassadorial_tenure.attached_to_embassy 2
user.szaijan.fantasy_football.projection.player/user.szaijan.fantasy_football.projection.scoring 2
user.szaijan.fantasy_football.projection.season/user.szaijan.fantasy_football.projection.player 2
user.szaijan.fantasy_football.projection.season/user.szaijan.fantasy_football.projection.scoring 2
user.tsegaran.random.taxonomy_entry.subject/user.tsegaran.random.taxonomy_entry.taxonomy 2
user.ungzd.default_domain.eurovision_vote.voting_country/user.ungzd.default_domain.eurovision_vote.vote_goes_to 2
visual_art.artwork_location_relationship.location/visual_art.artwork_location_relationship.artwork 2
wine.grape_variety_composition.grape_variety/wine.grape_variety_composition.wine 2
